Company,Website,Email
Dotimo,https://dotimo.ru,info@dotimo.ru
ЛамАрт,https://lamart.site,welcome@lamart.site
Fancy Solutions,https://fancy-solutions.com,hello@fancy-solutions.com
LOBUT DIGITAL,https://lobut.ru,info@lobutdigital.ru
Вебформат,https://webformat.ru,mail@webformat.ru
Beavers Brothers,https://beaversbrothers.ru,hello@dabb.ru
О'Смысле,https://osmisle-agency.ru,info@osmisle-agency.ru
Ситис,https://sitisit.ru,info@sitisit.ru
Agency Direct Marketing,https://agencydm.ru,hello@agencydm.ru
DESIRE,https://desire-s.ru,hi@desire-s.ru
TrueDesigners,https://truedesigners.ru,mail@truedesigners.ru
Bodysite,https://bodysite.ru,zakaz@bodysite.ru
Агентство ОЛОВО,https://olovo.agency,hello@olovo.agency
TopROI,https://toproi.ru,info@toproi.ru
Alto,https://alto.codes,help@alto.codes
Вебмотор,https://webmotor.ru,r@webmotor.ru
ITPanda,https://itpanda.ru,sales@itpanda.ru
Index Vision,https://indexvision.site,info@indexvision.site
Айтекс,https://itex.ru,mail@itex.ru
Dev-bot.su,https://dev-bot.su,hello@dev-bot.su
arvi,https://arvi.ru,hello@arvi.ru
HEIDENHAIN Service,https://service-heidenhain.ru,info@hhservice.ru
Айтигро,https://itgro.ru,itgro@itgro.ru
MediaTen,https://mediaten.ru,admin@mediaten.ru
OKAD (Olga Miller),https://okad.agency,olga@okad.agency
ООО Социальный код,https://socialcode.ru,hello@socialcode.ru
НОВЫЙ САЙТ,https://novelsite.ru,info@novelsite.ru
Lepinskih digital,https://lepinskih.com,work@maxlepinskih.com
ООО LCA,https://lcagency.ru,info@lcagency.ru
Spot,https://wespot.ru,push@wespot.ru
Феникс,https://phoenix-cg.ru,info@phoenix-cg.ru
gratum.agency,https://gratum.agency,info@gratum.agency
JellyWeb,https://jellyweb.ru,info@jellyweb.ru
Меноком,http://www.menocom.ru,info@menocom.ru
Девелекс,https://develex.ru,info@develex.ru
Fanky.ru,http://fanky.ru,info@fanky.ru
index.art,https://index-art.ru,index@index-art.ru
Optima-Promo,https://optima-promo.ru,info@optima-promo.ru
UnoCode,https://unocode.ru,anton@unocode.ru
Vverh.Digital,https://vverh.digital,info@vverh.digital
Правильные сайты,https://правильные-сайты.рф,info@prav-site.ru
direct is good,https://directisgood.ru,life@is-good.ru
Штиль,https://shtil.dev,info@shtil.dev
SECRET CODE,https://agencysecretcode.ru,secretcodeagency@mail.ru
IT frut,https://itfrut.ru,info@itfrut.ru
Trinity Promo,https://trinity.promo,info@trinity.promo
softverno,https://softverno.ru,info@softverno.ru
ИП Шамич (outatime),https://outatime.pro,os@outatime.pro
todoit,https://todoit.bz,hi@todoit.bz
ПАНКИ (Punks Design),https://punksdesign.ru,hello@punksdesign.ru
Контора Имя,https://kontora.name,daniil@kontora.name
Ру-ю,https://ruyou.ru,support@ruyou.ru
Ай-линк Консалтинг,https://i-l-c.ru,info@i-l-c.ru
VICTORY group,https://victoryagency.ru,pr@victoryagency.ru
Proffiweb,https://proffiweb.ru,zakaz@proffiweb.ru
ГК Юнайс (Inmedian),https://www.gkunios.ru,info@gkunios.ru
WidgeTime,https://widgetime.ru,info@widgetime.ru
SoftMediaLab,https://softmedialab.com,911@softmedialab.com
АйТи-Сети,https://it-seti.ru,info@it-seti.ru
СЕДАЛ,https://cedal.ru,info@cedal.ru
Айсвеб,https://iceweb.ru,info@iceweb.ru
ТРАФИК 13,https://traffic13.ru,Ads@trendmedia.agency
ТриниДата,http://trinidata.ru,info@trinidata.ru
Реклама мама,https://rekmama.ru,office@rekmama.ru
Онегин-Эксперт,https://onegin24.ru,las@onegin24.ru
РУСМУЛЬТИМЕДИА,https://www.tdrmm.ru,info@tdrmm.ru
Uralclick,https://uralclick.ru,info@uralclick.ru
IT-Record,https://it-record.ru,info@it-record.ru
ЭВОЛЮЦИЯ,https://studio-evo.ru,info@studio-evo.ru
СайтДирект,https://sitedirect.ru,ok@sitedirect.ru
Ocman Digital Agency,https://ocman-digital.ru,ocman.group@gmail.com
Конверсия,https://konversia.pro,sale@konversia.pro
ДирСет,https://puzzlify.ru,support@puzzlify.ru
Dukis,https://dukis.ru,2990098@mail.ru
АКОНА,https://www.akona.ru,maillink@akona.ru
Медиа Арми,https://media-army.ru,info@media-army.ru
Компьюти,https://computy.ru,info@computy.ru
Bravec,https://bravec.ru,info@bravec.ru
PXL PRO,https://pxl-pro.com,ok@pxl-pro.com
Сеолаборатория,http://сеолаборатория.рф,seolab@outlook.com
Repostmedia,https://www.repostmedia.ru,info@repostmedia.ru
Mikushin.com,https://mikushin.com,info@mikushin.com
Вебтим.про,http://webteam.pro,info@webteam.pro
ГрандСтудия,http://grandstudy.ru,info@grandstudy.ru
IDETA,http://ideta.ru,info@ideta.ru
Wellsoft,https://wellsoft.pro,hello@wellsoft.pro
SEO4profit,http://seo4profit.ru,zakaz@seo4profit.ru
Веб-студия Братьев Пожарских,http://firebrothers.ru,p@firebrothers.ru
Ample,http://www.ample.ru,info@ample.ru
Аппс Групп,https://appsgroup.ru,hello@saleskit.biz
ElitMaster,http://www.elitmaster.com,info@elitmaster.com
МедиАрт,https://mediart.pro,info@mediart.pro
Артена,https://artena.ru,client@artena.ru
Промо-Мастер,http://www.promo-master.com.ru,info@promo-master.com.ru
SMART-EKAT,https://smart-ekat.ru,smart-ekat@ya.ru
Реванта,https://revanta.ru,info@revanta.ru
AMI,https://amiltd.ru,oooami@ya.ru
Umiks,https://www.umiks.com,info@umiks.su
VJ Studio,https://www.vj-web.ru,mail@vj-web.ru
Медиасайт,https://www.mediasite.ru,info@mediasite.ru
ТитанСофт,http://www.titansoft.ru,sales@titansoft.ru
Artsofte,http://www.artsofte.ru,info@artsofte.ru
Harweb,https://harweb.ru,info@harweb.ru
The Head,https://thehead.ru,think@thehead.ru
СИНЕРГИЯ,https://sinergy.site,info@sinergy.site
ZEUS.studio,https://zeus.studio,mail@zeus.studio
Head Promo,https://head-promo.ru,info@head-promo.ru
